<!-- [ Mirror metadata ] generatedAt: 1485799357572 -->
<!-- Generated screen file. Fill the id tags below with content with
which to populate your previewed layout. For a complete specification
of sample data, please see http://jimulabs.com/sample-data-specifications/ 

Valid attributes on <screen> tag: theme="@style/someTheme" inEditMode="false" overlay="@drawable/mockup" -->
<screen>
    <_content layout="@layout/activity_main">
        <mainFrame>
            <!-- Replace this FrameLayout with a fragment like so:
            <_content layout="@layout/my_fragment_layout">
                <my_text_view>TextView in fragment</my_text_view>
            </_content>
            -->
        </mainFrame>
        <!-- ImageView Examples:
        <bMainMenu src="@drawable/image_resource" />
        <bMainMenu src="relative_path/image.jpg" /> -->
        <bMainMenu />
    </_content>
</screen>
